{"loss": [1.2995004653930664, 0.43014711141586304, 0.2660122513771057, 0.18329021334648132, 0.13565734028816223, 0.11079338937997818, 0.08581028878688812, 0.07252990454435349, 0.06436201184988022, 0.05490716174244881], "accuracy": [0.6162884831428528, 0.8627071380615234, 0.9150010943412781, 0.9390568137168884, 0.9552173018455505, 0.9634397625923157, 0.9718472361564636, 0.9758873581886292, 0.9793299436569214, 0.9818763732910156], "val_loss": [0.4909267723560333, 0.3361121416091919, 0.18870709836483002, 0.17270615696907043, 0.16404032707214355, 0.17052628099918365, 0.1381448209285736, 0.11775225400924683, 0.13372264802455902, 0.1901865154504776], "val_accuracy": [0.8443546295166016, 0.8906214237213135, 0.9379695057868958, 0.9440017938613892, 0.9502617716789246, 0.94514000415802, 0.9561233520507812, 0.9650011658668518, 0.9585135579109192, 0.9457091093063354]}